{
  "coverage": 0.951063829787234,
  "avg_set_size": 1.5638297872340425
}