{
  "coverage": 0.950354609929078,
  "avg_set_size": 1.5697399527186762
}