model,roc_auc_mean,roc_auc_std,pr_auc_mean,pr_auc_std,mcc_mean,mcc_std
XGBoost,0.9109651132652479,0.012022672645641679,0.8656990329384612,0.012771953313140518,0.6208922831333895,0.04023231213878671
LightGBM,0.9087291696883893,0.013709538040192256,0.8606284283715547,0.01408426681036605,0.6132799334057044,0.03343967226836064
RandomForest,0.9010817419642233,0.005268371498505776,0.8550845404279528,0.009174153036048818,0.5766951501878198,0.015379402970147863
