model,roc_auc_mean,roc_auc_std,pr_auc_mean,pr_auc_std,mcc_mean,mcc_std
XGBoost,0.8606673092605569,0.017526832136226106,0.7311454125624767,0.043029517430648874,0.546280059628273,0.046092431927197336
LightGBM,0.8572541681665475,0.015129008842016262,0.7246187025132326,0.035191697031322154,0.5576441438055579,0.05372955505017695
RandomForest,0.853144320567954,0.017345691051447693,0.6888121972380613,0.033388921073637765,0.5270873815367133,0.044913511630469014
