model,roc_auc,pr_auc,calibration,robustness,efficiency,interpretability,composite_score
XGBoost,1.0,1.0,0.4238944220289427,0.591752873467007,1.0,1.0,0.8235418154258396
LightGBM,0.6397590361445922,0.0,1.0,1.0,0.0,1.0,0.609939759036148
RandomForest,0.0,0.09331461681720829,0.0,0.0,0.48347372524640575,1.0,0.16701029588808225
