model,roc_auc,pr_auc,calibration,robustness,efficiency,interpretability,composite_score
LightGBM,0.5463051676037507,0.8458253170890171,1.0,1.0,0.8002004814043067,1.0,0.8357614034591717
XGBoost,1.0,1.0,0.6187092540985741,0.0,1.0,1.0,0.7737418508197148
RandomForest,0.0,0.0,0.0,0.07554396740402756,0.0,1.0,0.11133159511060414
