{
  "roc_auc": 0.7777777777777778,
  "pr_auc": 0.8666666666666667,
  "mcc": 0.0,
  "confusion_matrix": [
    [
      3,
      0
    ],
    [
      3,
      0
    ]
  ]
}