model_a,model_b,t_stat,p_value,cohen_d,bonferroni_alpha
XGBoost,LightGBM,0.7113271439331542,0.5086806713955245,0.1716498658768529,0.016666666666666666
XGBoost,RandomForest,0.618016789787656,0.5636243489187774,0.3880928149566627,0.016666666666666666
LightGBM,RandomForest,0.35095756364983316,0.7399236543455328,0.2666118737725013,0.016666666666666666
