model_a,model_b,t_stat,p_value,cohen_d,bonferroni_alpha
XGBoost,LightGBM,1.2733171608044656,0.2588903191575636,0.2073523946299961,0.016666666666666666
XGBoost,RandomForest,2.1331986864812755,0.08605491831118928,0.42174873837233817,0.016666666666666666
LightGBM,RandomForest,0.9802687254125649,0.37197230141436655,0.2505340264461604,0.016666666666666666
