model_a,model_b,t_stat,p_value,cohen_d,bonferroni_alpha
XGBoost,LightGBM,1.1556052234449046,0.300060498348336,0.17276515282868357,0.016666666666666666
XGBoost,RandomForest,2.877840152843845,0.03467544699582016,0.9399084695547715,0.016666666666666666
LightGBM,RandomForest,1.6263941560716582,0.1647942984043422,0.6910234221012685,0.016666666666666666
