{
  "n_compounds": 2111,
  "targets": 6,
  "actives": 567,
  "inactives": 1544,
  "train_size": 1266,
  "val_size": 422,
  "test_size": 423,
  "best_model": "XGBoost",
  "test_metrics": {
    "model": "XGBoost",
    "roc_auc": 0.8102884564678585,
    "pr_auc": 0.691523846579869,
    "mcc": 0.48147817936190407,
    "ece": 0.04734789971717235,
    "mce": 0.17382573779849786
  },
  "conformal_coverage": 0.950354609929078,
  "avg_prediction_set_size": 1.5697399527186762,
  "out_of_domain_rate": 0.14893617021276595
}