{
  "n_compounds": 2111,
  "targets": 6,
  "actives": 567,
  "inactives": 1544,
  "train_size": 1266,
  "val_size": 422,
  "test_size": 423,
  "best_model": "XGBoost",
  "test_metrics": {
    "model": "XGBoost",
    "roc_auc": 0.8018640063008664,
    "pr_auc": 0.6724933001711315,
    "mcc": 0.4514048624314359,
    "ece": 0.03520174748047754,
    "mce": 0.10016617799798655
  },
  "conformal_coverage": 0.950354609929078,
  "avg_prediction_set_size": 1.5697399527186762,
  "out_of_domain_rate": 0.1536643026004728
}