compound_id,smiles,target,prob_inactive,prob_less_potent,prob_potent,predicted_class,predicted_label,max_confidence,conformal_set,in_domain,knn_distance,valid_smiles
CPD001,c1ccc2c(c1)cc(=O)oc2,hERG,0.49995642358520914,0.3323189197747302,0.16772465664006084,0,inactive,0.49995642358520914,"{inactive, less_potent}",True,12.435277443779285,True
CPD002,CC(=O)Oc1ccccc1C(=O)O,CYP3A4,0.9979427773130013,0.001357508033888402,0.0006997146531103937,0,inactive,0.9979427773130013,{inactive},True,0.6,True
CPD003,CN1C=NC2=C1C(=O)N(C(=O)N2C)C,CYP1A2,0.17777566461541722,0.4207372404410945,0.4014870949434881,1,less_potent,0.4207372404410945,"{less_potent, potent}",False,16.608753205848796,True
CPD004,CC(C)NCC(O)c1ccc(O)c(O)c1,CYP2D6,0.16954390185723223,0.4479129707750044,0.38254312736776325,1,less_potent,0.4479129707750044,"{less_potent, potent}",False,19.053648002734896,True
CPD005,COc1ccc(CCN(C)CCCC(C#N)(c2ccc(OC)c(OC)c2)C(C)C)cc1OC,Cav1.2,0.00041281566982771323,0.06547957571105135,0.9341076086191207,2,potent,0.9341076086191207,{potent},True,5.052977751104429,True
CPD006,OC[C@H]1OC(O)[C@H](O)[C@@H](O)[C@@H]1O,hERG,0.999919607165928,0.0,8.039283407205582e-05,0,inactive,0.999919607165928,{inactive},True,0.8,True
CPD007,c1ccc(NC(=O)c2ccccc2)cc1,Nav1.5,0.17864603026744422,0.3958931375260916,0.42546083220646463,2,potent,0.42546083220646463,"{less_potent, potent}",True,10.749137451285986,True
CPD008,CC(=O)NC1=CC=C(O)C=C1,CYP2C9,0.9512376949160223,0.03320647843341542,0.015555826650562444,0,inactive,0.9512376949160223,{inactive},True,1.0,True
