{
  "n_compounds": 2665,
  "targets": [
    "AR",
    "BSEP",
    "CAR",
    "CYP1A2",
    "CYP2C19",
    "CYP2C9",
    "CYP2D6",
    "CYP3A4",
    "Cav1.2",
    "ER_beta",
    "ERa",
    "FXR",
    "GR",
    "LXRa",
    "LXRb",
    "MR",
    "Nav1.5",
    "P-gp",
    "PPARg",
    "PR",
    "PXR",
    "RXRa",
    "VDR",
    "hERG"
  ],
  "class_distribution": {
    "inactive": 696,
    "less_potent": 596,
    "potent": 1373
  },
  "train_size": 1599,
  "val_size": 533,
  "test_size": 533,
  "best_model": "XGBoost",
  "test_metrics": {
    "roc_auc_macro": 0.8747638100067809,
    "pr_auc_macro": 0.7481424752010778,
    "mcc": 0.5204345985298305,
    "ece": 0.37920476832980765,
    "mce": 0.9440344670301974
  },
  "conformal_coverage": 0.9418386491557224,
  "avg_prediction_set_size": 2.0225140712945593,
  "out_of_domain_rate": 0.275797373358349
}